STATION,STATION_NAME,DATE,TAVG,TMAX,TMIN
GHCND:USW00094846,CHICAGO OHARE INTERNATIONAL AIRPORT IL US,19950101,-9999,27,11
GHCND:USW00094846,CHICAGO OHARE INTERNATIONAL AIRPORT IL US,19950102,-9999,21,8
GHCND:USW00094846,CHICAGO OHARE INTERNATIONAL AIRPORT IL US,19950103,-9999,18,3
GHCND:USW00094846,CHICAGO OHARE INTERNATIONAL AIRPORT IL US,19950104,-9999,7,-1
GHCND:USW00094846,CHICAGO OHARE INTERNATIONAL AIRPORT IL US,19950105,-9999,19,-1
GHCND:USW00094846,CHICAGO OHARE INTERNATIONAL AIRPORT IL US,19950106,-9999,27,18
GHCND:USW00094846,CHICAGO OHARE INTERNATIONAL AIRPORT IL US,19950107,-9999,27,12
GHCND:USW00094846,CHICAGO OHARE INTERNATIONAL AIRPORT IL US,19950108,-9999,19,4
GHCND:USW00094846,CHICAGO OHARE INTERNATIONAL AIRPORT IL US,19950109,-9999,25,12
GHCND:USW00094846,CHICAGO OHARE INTERNATIONAL AIRPORT IL US,19950110,-9999,29,16
GHCND:USW00094846,CHICAGO OHARE INTERNATIONAL AIRPORT IL US,19950111,-9999,40,25
GHCND:USW00094846,CHICAGO OHARE INTERNATIONAL AIRPORT IL US,19950112,-9999,47,37
GHCND:USW00094846,CHICAGO OHARE INTERNATIONAL AIRPORT IL US,19950113,-9999,38,33
GHCND:USW00094846,CHICAGO OHARE INTERNATIONAL AIRPORT IL US,19950114,-9999,39,35
GHCND:USW00094846,CHICAGO OHARE INTERNATIONAL AIRPORT IL US,19950115,-9999,36,30
GHCND:USW00094846,CHICAGO OHARE INTERNATIONAL AIRPORT IL US,19950116,-9999,36,31
GHCND:USW00094846,CHICAGO OHARE INTERNATIONAL AIRPORT IL US,19950117,-9999,43,30
GHCND:USW00094846,CHICAGO OHARE INTERNATIONAL AIRPORT IL US,19950118,-9999,43,29
GHCND:USW00094846,CHICAGO OHARE INTERNATIONAL AIRPORT IL US,19950119,-9999,36,32
GHCND:USW00094846,CHICAGO OHARE INTERNATIONAL AIRPORT IL US,19950120,-9999,33,26
GHCND:USW00094846,CHICAGO OHARE INTERNATIONAL AIRPORT IL US,19950121,-9999,26,21
GHCND:USW00094846,CHICAGO OHARE INTERNATIONAL AIRPORT IL US,19950122,-9999,22,16
GHCND:USW00094846,CHICAGO OHARE INTERNATIONAL AIRPORT IL US,19950123,-9999,26,14
GHCND:USW00094846,CHICAGO OHARE INTERNATIONAL AIRPORT IL US,19950124,-9999,25,5
GHCND:USW00094846,CHICAGO OHARE INTERNATIONAL AIRPORT IL US,19950125,-9999,32,6
GHCND:USW00094846,CHICAGO OHARE INTERNATIONAL AIRPORT IL US,19950126,-9999,30,7
GHCND:USW00094846,CHICAGO OHARE INTERNATIONAL AIRPORT IL US,19950127,-9999,34,13
GHCND:USW00094846,CHICAGO OHARE INTERNATIONAL AIRPORT IL US,19950128,-9999,32,24
GHCND:USW00094846,CHICAGO OHARE INTERNATIONAL AIRPORT IL US,19950129,-9999,29,20
GHCND:USW00094846,CHICAGO OHARE INTERNATIONAL AIRPORT IL US,19950130,-9999,34,12
GHCND:USW00094846,CHICAGO OHARE INTERNATIONAL AIRPORT IL US,19950131,-9999,39,22
GHCND:USW00094846,CHICAGO OHARE INTERNATIONAL AIRPORT IL US,19950201,-9999,42,32
GHCND:USW00094846,CHICAGO OHARE INTERNATIONAL AIRPORT IL US,19950202,-9999,35,31
GHCND:USW00094846,CHICAGO OHARE INTERNATIONAL AIRPORT IL US,19950203,-9999,35,26
GHCND:USW00094846,CHICAGO OHARE INTERNATIONAL AIRPORT IL US,19950204,-9999,26,12
GHCND:USW00094846,CHICAGO OHARE INTERNATIONAL AIRPORT IL US,19950205,-9999,14,3
GHCND:USW00094846,CHICAGO OHARE INTERNATIONAL AIRPORT IL US,19950206,-9999,19,3
GHCND:USW00094846,CHICAGO OHARE INTERNATIONAL AIRPORT IL US,19950207,-9999,20,9
GHCND:USW00094846,CHICAGO OHARE INTERNATIONAL AIRPORT IL US,19950208,-9999,19,5
GHCND:USW00094846,CHICAGO OHARE INTERNATIONAL AIRPORT IL US,19950209,-9999,35,13
GHCND:USW00094846,CHICAGO OHARE INTERNATIONAL AIRPORT IL US,19950210,-9999,38,14
GHCND:USW00094846,CHICAGO OHARE INTERNATIONAL AIRPORT IL US,19950211,-9999,14,-1
GHCND:USW00094846,CHICAGO OHARE INTERNATIONAL AIRPORT IL US,19950212,-9999,16,-2
GHCND:USW00094846,CHICAGO OHARE INTERNATIONAL AIRPORT IL US,19950213,-9999,23,11
GHCND:USW00094846,CHICAGO OHARE INTERNATIONAL AIRPORT IL US,19950214,-9999,30,6
GHCND:USW00094846,CHICAGO OHARE INTERNATIONAL AIRPORT IL US,19950215,-9999,36,23
GHCND:USW00094846,CHICAGO OHARE INTERNATIONAL AIRPORT IL US,19950216,-9999,35,16
GHCND:USW00094846,CHICAGO OHARE INTERNATIONAL AIRPORT IL US,19950217,-9999,47,19
GHCND:USW00094846,CHICAGO OHARE INTERNATIONAL AIRPORT IL US,19950218,-9999,55,29
GHCND:USW00094846,CHICAGO OHARE INTERNATIONAL AIRPORT IL US,19950219,-9999,44,31
GHCND:USW00094846,CHICAGO OHARE INTERNATIONAL AIRPORT IL US,19950220,-9999,50,31
GHCND:USW00094846,CHICAGO OHARE INTERNATIONAL AIRPORT IL US,19950221,-9999,33,24
GHCND:USW00094846,CHICAGO OHARE INTERNATIONAL AIRPORT IL US,19950222,-9999,48,28
GHCND:USW00094846,CHICAGO OHARE INTERNATIONAL AIRPORT IL US,19950223,-9999,51,30
GHCND:USW00094846,CHICAGO OHARE INTERNATIONAL AIRPORT IL US,19950224,-9999,38,26
GHCND:USW00094846,CHICAGO OHARE INTERNATIONAL AIRPORT IL US,19950225,-9999,47,32
GHCND:USW00094846,CHICAGO OHARE INTERNATIONAL AIRPORT IL US,19950226,-9999,33,28
GHCND:USW00094846,CHICAGO OHARE INTERNATIONAL AIRPORT IL US,19950227,-9999,33,31
GHCND:USW00094846,CHICAGO OHARE INTERNATIONAL AIRPORT IL US,19950228,-9999,32,21
GHCND:USW00094846,CHICAGO OHARE INTERNATIONAL AIRPORT IL US,19950301,-9999,23,10
GHCND:USW00094846,CHICAGO OHARE INTERNATIONAL AIRPORT IL US,19950302,-9999,28,7
GHCND:USW00094846,CHICAGO OHARE INTERNATIONAL AIRPORT IL US,19950303,-9999,33,12
GHCND:USW00094846,CHICAGO OHARE INTERNATIONAL AIRPORT IL US,19950304,-9999,43,20
GHCND:USW00094846,CHICAGO OHARE INTERNATIONAL AIRPORT IL US,19950305,-9999,38,31
GHCND:USW00094846,CHICAGO OHARE INTERNATIONAL AIRPORT IL US,19950306,-9999,35,31
GHCND:USW00094846,CHICAGO OHARE INTERNATIONAL AIRPORT IL US,19950307,-9999,35,26
GHCND:USW00094846,CHICAGO OHARE INTERNATIONAL AIRPORT IL US,19950308,-9999,29,17
GHCND:USW00094846,CHICAGO OHARE INTERNATIONAL AIRPORT IL US,19950309,-9999,36,13
GHCND:USW00094846,CHICAGO OHARE INTERNATIONAL AIRPORT IL US,19950310,-9999,51,30
GHCND:USW00094846,CHICAGO OHARE INTERNATIONAL AIRPORT IL US,19950311,-9999,62,40
GHCND:USW00094846,CHICAGO OHARE INTERNATIONAL AIRPORT IL US,19950312,-9999,71,47
GHCND:USW00094846,CHICAGO OHARE INTERNATIONAL AIRPORT IL US,19950313,-9999,72,51
GHCND:USW00094846,CHICAGO OHARE INTERNATIONAL AIRPORT IL US,19950314,-9999,77,43
GHCND:USW00094846,CHICAGO OHARE INTERNATIONAL AIRPORT IL US,19950315,-9999,74,43
GHCND:USW00094846,CHICAGO OHARE INTERNATIONAL AIRPORT IL US,19950316,-9999,71,37
GHCND:USW00094846,CHICAGO OHARE INTERNATIONAL AIRPORT IL US,19950317,-9999,49,36
GHCND:USW00094846,CHICAGO OHARE INTERNATIONAL AIRPORT IL US,19950318,-9999,66,34
GHCND:USW00094846,CHICAGO OHARE INTERNATIONAL AIRPORT IL US,19950319,-9999,55,45
GHCND:USW00094846,CHICAGO OHARE INTERNATIONAL AIRPORT IL US,19950320,-9999,60,40
GHCND:USW00094846,CHICAGO OHARE INTERNATIONAL AIRPORT IL US,19950321,-9999,51,35
GHCND:USW00094846,CHICAGO OHARE INTERNATIONAL AIRPORT IL US,19950322,-9999,47,30
GHCND:USW00094846,CHICAGO OHARE INTERNATIONAL AIRPORT IL US,19950323,-9999,41,25
GHCND:USW00094846,CHICAGO OHARE INTERNATIONAL AIRPORT IL US,19950324,-9999,50,24
GHCND:USW00094846,CHICAGO OHARE INTERNATIONAL AIRPORT IL US,19950325,-9999,58,25
GHCND:USW00094846,CHICAGO OHARE INTERNATIONAL AIRPORT IL US,19950326,-9999,49,38
GHCND:USW00094846,CHICAGO OHARE INTERNATIONAL AIRPORT IL US,19950327,-9999,45,38
GHCND:USW00094846,CHICAGO OHARE INTERNATIONAL AIRPORT IL US,19950328,-9999,44,38
GHCND:USW00094846,CHICAGO OHARE INTERNATIONAL AIRPORT IL US,19950329,-9999,43,37
GHCND:USW00094846,CHICAGO OHARE INTERNATIONAL AIRPORT IL US,19950330,-9999,47,34
GHCND:USW00094846,CHICAGO OHARE INTERNATIONAL AIRPORT IL US,19950331,-9999,42,31
GHCND:USW00094846,CHICAGO OHARE INTERNATIONAL AIRPORT IL US,19950401,-9999,46,29
GHCND:USW00094846,CHICAGO OHARE INTERNATIONAL AIRPORT IL US,19950402,-9999,55,33
GHCND:USW00094846,CHICAGO OHARE INTERNATIONAL AIRPORT IL US,19950403,-9999,63,44
GHCND:USW00094846,CHICAGO OHARE INTERNATIONAL AIRPORT IL US,19950404,-9999,44,21
GHCND:USW00094846,CHICAGO OHARE INTERNATIONAL AIRPORT IL US,19950405,-9999,49,18
GHCND:USW00094846,CHICAGO OHARE INTERNATIONAL AIRPORT IL US,19950406,-9999,67,36
GHCND:USW00094846,CHICAGO OHARE INTERNATIONAL AIRPORT IL US,19950407,-9999,52,34
GHCND:USW00094846,CHICAGO OHARE INTERNATIONAL AIRPORT IL US,19950408,-9999,48,39
GHCND:USW00094846,CHICAGO OHARE INTERNATIONAL AIRPORT IL US,19950409,-9999,42,32
GHCND:USW00094846,CHICAGO OHARE INTERNATIONAL AIRPORT IL US,19950410,-9999,41,32
GHCND:USW00094846,CHICAGO OHARE INTERNATIONAL AIRPORT IL US,19950411,-9999,61,38
GHCND:USW00094846,CHICAGO OHARE INTERNATIONAL AIRPORT IL US,19950412,-9999,44,35
GHCND:USW00094846,CHICAGO OHARE INTERNATIONAL AIRPORT IL US,19950413,-9999,59,39
GHCND:USW00094846,CHICAGO OHARE INTERNATIONAL AIRPORT IL US,19950414,-9999,53,33
GHCND:USW00094846,CHICAGO OHARE INTERNATIONAL AIRPORT IL US,19950415,-9999,56,38
GHCND:USW00094846,CHICAGO OHARE INTERNATIONAL AIRPORT IL US,19950416,-9999,63,41
GHCND:USW00094846,CHICAGO OHARE INTERNATIONAL AIRPORT IL US,19950417,-9999,60,41
GHCND:USW00094846,CHICAGO OHARE INTERNATIONAL AIRPORT IL US,19950418,-9999,76,47
GHCND:USW00094846,CHICAGO OHARE INTERNATIONAL AIRPORT IL US,19950419,-9999,55,42
GHCND:USW00094846,CHICAGO OHARE INTERNATIONAL AIRPORT IL US,19950420,-9999,47,41
GHCND:USW00094846,CHICAGO OHARE INTERNATIONAL AIRPORT IL US,19950421,-9999,52,42
GHCND:USW00094846,CHICAGO OHARE INTERNATIONAL AIRPORT IL US,19950422,-9999,61,42
GHCND:USW00094846,CHICAGO OHARE INTERNATIONAL AIRPORT IL US,19950423,-9999,50,39
GHCND:USW00094846,CHICAGO OHARE INTERNATIONAL AIRPORT IL US,19950424,-9999,62,32
GHCND:USW00094846,CHICAGO OHARE INTERNATIONAL AIRPORT IL US,19950425,-9999,58,37
GHCND:USW00094846,CHICAGO OHARE INTERNATIONAL AIRPORT IL US,19950426,-9999,53,47
GHCND:USW00094846,CHICAGO OHARE INTERNATIONAL AIRPORT IL US,19950427,-9999,52,44
GHCND:USW00094846,CHICAGO OHARE INTERNATIONAL AIRPORT IL US,19950428,-9999,64,43
GHCND:USW00094846,CHICAGO OHARE INTERNATIONAL AIRPORT IL US,19950429,-9999,56,43
GHCND:USW00094846,CHICAGO OHARE INTERNATIONAL AIRPORT IL US,19950430,-9999,50,39
GHCND:USW00094846,CHICAGO OHARE INTERNATIONAL AIRPORT IL US,19950501,-9999,53,38
GHCND:USW00094846,CHICAGO OHARE INTERNATIONAL AIRPORT IL US,19950502,-9999,59,42
GHCND:USW00094846,CHICAGO OHARE INTERNATIONAL AIRPORT IL US,19950503,-9999,62,39
GHCND:USW00094846,CHICAGO OHARE INTERNATIONAL AIRPORT IL US,19950504,-9999,57,48
GHCND:USW00094846,CHICAGO OHARE INTERNATIONAL AIRPORT IL US,19950505,-9999,72,40
GHCND:USW00094846,CHICAGO OHARE INTERNATIONAL AIRPORT IL US,19950506,-9999,72,39
GHCND:USW00094846,CHICAGO OHARE INTERNATIONAL AIRPORT IL US,19950507,-9999,75,50
GHCND:USW00094846,CHICAGO OHARE INTERNATIONAL AIRPORT IL US,19950508,-9999,66,49
GHCND:USW00094846,CHICAGO OHARE INTERNATIONAL AIRPORT IL US,19950509,-9999,74,48
GHCND:USW00094846,CHICAGO OHARE INTERNATIONAL AIRPORT IL US,19950510,-9999,54,49
GHCND:USW00094846,CHICAGO OHARE INTERNATIONAL AIRPORT IL US,19950511,-9999,68,50
GHCND:USW00094846,CHICAGO OHARE INTERNATIONAL AIRPORT IL US,19950512,-9999,71,49
GHCND:USW00094846,CHICAGO OHARE INTERNATIONAL AIRPORT IL US,19950513,-9999,66,57
GHCND:USW00094846,CHICAGO OHARE INTERNATIONAL AIRPORT IL US,19950514,-9999,70,54
GHCND:USW00094846,CHICAGO OHARE INTERNATIONAL AIRPORT IL US,19950515,-9999,76,47
GHCND:USW00094846,CHICAGO OHARE INTERNATIONAL AIRPORT IL US,19950516,-9999,78,59
GHCND:USW00094846,CHICAGO OHARE INTERNATIONAL AIRPORT IL US,19950517,-9999,65,52
GHCND:USW00094846,CHICAGO OHARE INTERNATIONAL AIRPORT IL US,19950518,-9999,58,46
GHCND:USW00094846,CHICAGO OHARE INTERNATIONAL AIRPORT IL US,19950519,-9999,76,46
GHCND:USW00094846,CHICAGO OHARE INTERNATIONAL AIRPORT IL US,19950520,-9999,76,56
GHCND:USW00094846,CHICAGO OHARE INTERNATIONAL AIRPORT IL US,19950521,-9999,72,48
GHCND:USW00094846,CHICAGO OHARE INTERNATIONAL AIRPORT IL US,19950522,-9999,78,45
GHCND:USW00094846,CHICAGO OHARE INTERNATIONAL AIRPORT IL US,19950523,-9999,69,51
GHCND:USW00094846,CHICAGO OHARE INTERNATIONAL AIRPORT IL US,19950524,-9999,57,48
GHCND:USW00094846,CHICAGO OHARE INTERNATIONAL AIRPORT IL US,19950525,-9999,62,46
GHCND:USW00094846,CHICAGO OHARE INTERNATIONAL AIRPORT IL US,19950526,-9999,67,44
GHCND:USW00094846,CHICAGO OHARE INTERNATIONAL AIRPORT IL US,19950527,-9999,68,53
GHCND:USW00094846,CHICAGO OHARE INTERNATIONAL AIRPORT IL US,19950528,-9999,74,57
GHCND:USW00094846,CHICAGO OHARE INTERNATIONAL AIRPORT IL US,19950529,-9999,68,54
GHCND:USW00094846,CHICAGO OHARE INTERNATIONAL AIRPORT IL US,19950530,-9999,82,54
GHCND:USW00094846,CHICAGO OHARE INTERNATIONAL AIRPORT IL US,19950531,-9999,84,54
GHCND:USW00094846,CHICAGO OHARE INTERNATIONAL AIRPORT IL US,19950601,-9999,80,62
GHCND:USW00094846,CHICAGO OHARE INTERNATIONAL AIRPORT IL US,19950602,-9999,76,59
GHCND:USW00094846,CHICAGO OHARE INTERNATIONAL AIRPORT IL US,19950603,-9999,75,58
GHCND:USW00094846,CHICAGO OHARE INTERNATIONAL AIRPORT IL US,19950604,-9999,79,54
GHCND:USW00094846,CHICAGO OHARE INTERNATIONAL AIRPORT IL US,19950605,-9999,80,55
GHCND:USW00094846,CHICAGO OHARE INTERNATIONAL AIRPORT IL US,19950606,-9999,88,60
GHCND:USW00094846,CHICAGO OHARE INTERNATIONAL AIRPORT IL US,19950607,-9999,92,51
GHCND:USW00094846,CHICAGO OHARE INTERNATIONAL AIRPORT IL US,19950608,-9999,58,49
GHCND:USW00094846,CHICAGO OHARE INTERNATIONAL AIRPORT IL US,19950609,-9999,69,52
GHCND:USW00094846,CHICAGO OHARE INTERNATIONAL AIRPORT IL US,19950610,-9999,83,52
GHCND:USW00094846,CHICAGO OHARE INTERNATIONAL AIRPORT IL US,19950611,-9999,67,51
GHCND:USW00094846,CHICAGO OHARE INTERNATIONAL AIRPORT IL US,19950612,-9999,73,49
GHCND:USW00094846,CHICAGO OHARE INTERNATIONAL AIRPORT IL US,19950613,-9999,85,51
GHCND:USW00094846,CHICAGO OHARE INTERNATIONAL AIRPORT IL US,19950614,-9999,90,59
GHCND:USW00094846,CHICAGO OHARE INTERNATIONAL AIRPORT IL US,19950615,-9999,89,57
GHCND:USW00094846,CHICAGO OHARE INTERNATIONAL AIRPORT IL US,19950616,-9999,89,64
GHCND:USW00094846,CHICAGO OHARE INTERNATIONAL AIRPORT IL US,19950617,-9999,90,65
GHCND:USW00094846,CHICAGO OHARE INTERNATIONAL AIRPORT IL US,19950618,-9999,93,71
GHCND:USW00094846,CHICAGO OHARE INTERNATIONAL AIRPORT IL US,19950619,-9999,94,71
GHCND:USW00094846,CHICAGO OHARE INTERNATIONAL AIRPORT IL US,19950620,-9999,95,74
GHCND:USW00094846,CHICAGO OHARE INTERNATIONAL AIRPORT IL US,19950621,-9999,86,69
GHCND:USW00094846,CHICAGO OHARE INTERNATIONAL AIRPORT IL US,19950622,-9999,93,69
GHCND:USW00094846,CHICAGO OHARE INTERNATIONAL AIRPORT IL US,19950623,-9999,91,67
GHCND:USW00094846,CHICAGO OHARE INTERNATIONAL AIRPORT IL US,19950624,-9999,94,63
GHCND:USW00094846,CHICAGO OHARE INTERNATIONAL AIRPORT IL US,19950625,-9999,88,63
GHCND:USW00094846,CHICAGO OHARE INTERNATIONAL AIRPORT IL US,19950626,-9999,84,69
GHCND:USW00094846,CHICAGO OHARE INTERNATIONAL AIRPORT IL US,19950627,-9999,80,67
GHCND:USW00094846,CHICAGO OHARE INTERNATIONAL AIRPORT IL US,19950628,-9999,82,67
GHCND:USW00094846,CHICAGO OHARE INTERNATIONAL AIRPORT IL US,19950629,-9999,87,67
GHCND:USW00094846,CHICAGO OHARE INTERNATIONAL AIRPORT IL US,19950630,-9999,82,61
GHCND:USW00094846,CHICAGO OHARE INTERNATIONAL AIRPORT IL US,19950701,-9999,76,54
GHCND:USW00094846,CHICAGO OHARE INTERNATIONAL AIRPORT IL US,19950702,-9999,77,50
GHCND:USW00094846,CHICAGO OHARE INTERNATIONAL AIRPORT IL US,19950703,-9999,82,61
GHCND:USW00094846,CHICAGO OHARE INTERNATIONAL AIRPORT IL US,19950704,-9999,84,66
GHCND:USW00094846,CHICAGO OHARE INTERNATIONAL AIRPORT IL US,19950705,-9999,85,65
GHCND:USW00094846,CHICAGO OHARE INTERNATIONAL AIRPORT IL US,19950706,-9999,78,67
GHCND:USW00094846,CHICAGO OHARE INTERNATIONAL AIRPORT IL US,19950707,-9999,79,61
GHCND:USW00094846,CHICAGO OHARE INTERNATIONAL AIRPORT IL US,19950708,-9999,84,57
GHCND:USW00094846,CHICAGO OHARE INTERNATIONAL AIRPORT IL US,19950709,-9999,84,61
GHCND:USW00094846,CHICAGO OHARE INTERNATIONAL AIRPORT IL US,19950710,-9999,87,61
GHCND:USW00094846,CHICAGO OHARE INTERNATIONAL AIRPORT IL US,19950711,-9999,89,69
GHCND:USW00094846,CHICAGO OHARE INTERNATIONAL AIRPORT IL US,19950712,-9999,97,73
GHCND:USW00094846,CHICAGO OHARE INTERNATIONAL AIRPORT IL US,19950713,-9999,104,81
GHCND:USW00094846,CHICAGO OHARE INTERNATIONAL AIRPORT IL US,19950714,-9999,100,83
GHCND:USW00094846,CHICAGO OHARE INTERNATIONAL AIRPORT IL US,19950715,-9999,98,75
GHCND:USW00094846,CHICAGO OHARE INTERNATIONAL AIRPORT IL US,19950716,-9999,93,74
GHCND:USW00094846,CHICAGO OHARE INTERNATIONAL AIRPORT IL US,19950717,-9999,87,70
GHCND:USW00094846,CHICAGO OHARE INTERNATIONAL AIRPORT IL US,19950718,-9999,86,63
GHCND:USW00094846,CHICAGO OHARE INTERNATIONAL AIRPORT IL US,19950719,-9999,89,63
GHCND:USW00094846,CHICAGO OHARE INTERNATIONAL AIRPORT IL US,19950720,-9999,79,69
GHCND:USW00094846,CHICAGO OHARE INTERNATIONAL AIRPORT IL US,19950721,-9999,85,63
GHCND:USW00094846,CHICAGO OHARE INTERNATIONAL AIRPORT IL US,19950722,-9999,85,67
GHCND:USW00094846,CHICAGO OHARE INTERNATIONAL AIRPORT IL US,19950723,-9999,87,65
GHCND:USW00094846,CHICAGO OHARE INTERNATIONAL AIRPORT IL US,19950724,-9999,89,70
GHCND:USW00094846,CHICAGO OHARE INTERNATIONAL AIRPORT IL US,19950725,-9999,92,70
GHCND:USW00094846,CHICAGO OHARE INTERNATIONAL AIRPORT IL US,19950726,-9999,87,70
GHCND:USW00094846,CHICAGO OHARE INTERNATIONAL AIRPORT IL US,19950727,-9999,90,70
GHCND:USW00094846,CHICAGO OHARE INTERNATIONAL AIRPORT IL US,19950728,-9999,89,71
GHCND:USW00094846,CHICAGO OHARE INTERNATIONAL AIRPORT IL US,19950729,-9999,95,69
GHCND:USW00094846,CHICAGO OHARE INTERNATIONAL AIRPORT IL US,19950730,-9999,96,70
GHCND:USW00094846,CHICAGO OHARE INTERNATIONAL AIRPORT IL US,19950731,-9999,95,74
GHCND:USW00094846,CHICAGO OHARE INTERNATIONAL AIRPORT IL US,19950801,-9999,81,70
GHCND:USW00094846,CHICAGO OHARE INTERNATIONAL AIRPORT IL US,19950802,-9999,79,70
GHCND:USW00094846,CHICAGO OHARE INTERNATIONAL AIRPORT IL US,19950803,-9999,78,71
GHCND:USW00094846,CHICAGO OHARE INTERNATIONAL AIRPORT IL US,19950804,-9999,85,69
GHCND:USW00094846,CHICAGO OHARE INTERNATIONAL AIRPORT IL US,19950805,-9999,87,66
GHCND:USW00094846,CHICAGO OHARE INTERNATIONAL AIRPORT IL US,19950806,-9999,88,71
GHCND:USW00094846,CHICAGO OHARE INTERNATIONAL AIRPORT IL US,19950807,-9999,86,73
GHCND:USW00094846,CHICAGO OHARE INTERNATIONAL AIRPORT IL US,19950808,-9999,88,71
GHCND:USW00094846,CHICAGO OHARE INTERNATIONAL AIRPORT IL US,19950809,-9999,80,69
GHCND:USW00094846,CHICAGO OHARE INTERNATIONAL AIRPORT IL US,19950810,-9999,89,70
GHCND:USW00094846,CHICAGO OHARE INTERNATIONAL AIRPORT IL US,19950811,-9999,93,72
GHCND:USW00094846,CHICAGO OHARE INTERNATIONAL AIRPORT IL US,19950812,-9999,98,75
GHCND:USW00094846,CHICAGO OHARE INTERNATIONAL AIRPORT IL US,19950813,-9999,96,77
GHCND:USW00094846,CHICAGO OHARE INTERNATIONAL AIRPORT IL US,19950814,-9999,95,79
GHCND:USW00094846,CHICAGO OHARE INTERNATIONAL AIRPORT IL US,19950815,-9999,87,70
GHCND:USW00094846,CHICAGO OHARE INTERNATIONAL AIRPORT IL US,19950816,-9999,94,73
GHCND:USW00094846,CHICAGO OHARE INTERNATIONAL AIRPORT IL US,19950817,-9999,93,72
GHCND:USW00094846,CHICAGO OHARE INTERNATIONAL AIRPORT IL US,19950818,-9999,90,73
GHCND:USW00094846,CHICAGO OHARE INTERNATIONAL AIRPORT IL US,19950819,-9999,89,72
GHCND:USW00094846,CHICAGO OHARE INTERNATIONAL AIRPORT IL US,19950820,-9999,83,65
GHCND:USW00094846,CHICAGO OHARE INTERNATIONAL AIRPORT IL US,19950821,-9999,89,62
GHCND:USW00094846,CHICAGO OHARE INTERNATIONAL AIRPORT IL US,19950822,-9999,83,65
GHCND:USW00094846,CHICAGO OHARE INTERNATIONAL AIRPORT IL US,19950823,-9999,88,60
GHCND:USW00094846,CHICAGO OHARE INTERNATIONAL AIRPORT IL US,19950824,-9999,82,70
GHCND:USW00094846,CHICAGO OHARE INTERNATIONAL AIRPORT IL US,19950825,-9999,90,73
GHCND:USW00094846,CHICAGO OHARE INTERNATIONAL AIRPORT IL US,19950826,-9999,91,69
GHCND:USW00094846,CHICAGO OHARE INTERNATIONAL AIRPORT IL US,19950827,-9999,88,68
GHCND:USW00094846,CHICAGO OHARE INTERNATIONAL AIRPORT IL US,19950828,-9999,82,69
GHCND:USW00094846,CHICAGO OHARE INTERNATIONAL AIRPORT IL US,19950829,-9999,88,73
GHCND:USW00094846,CHICAGO OHARE INTERNATIONAL AIRPORT IL US,19950830,-9999,92,74
GHCND:USW00094846,CHICAGO OHARE INTERNATIONAL AIRPORT IL US,19950831,-9999,87,68
GHCND:USW00094846,CHICAGO OHARE INTERNATIONAL AIRPORT IL US,19950901,-9999,80,57
GHCND:USW00094846,CHICAGO OHARE INTERNATIONAL AIRPORT IL US,19950902,-9999,82,54
GHCND:USW00094846,CHICAGO OHARE INTERNATIONAL AIRPORT IL US,19950903,-9999,84,59
GHCND:USW00094846,CHICAGO OHARE INTERNATIONAL AIRPORT IL US,19950904,-9999,88,62
GHCND:USW00094846,CHICAGO OHARE INTERNATIONAL AIRPORT IL US,19950905,-9999,90,62
GHCND:USW00094846,CHICAGO OHARE INTERNATIONAL AIRPORT IL US,19950906,-9999,82,67
GHCND:USW00094846,CHICAGO OHARE INTERNATIONAL AIRPORT IL US,19950907,-9999,68,56
GHCND:USW00094846,CHICAGO OHARE INTERNATIONAL AIRPORT IL US,19950908,-9999,65,55
GHCND:USW00094846,CHICAGO OHARE INTERNATIONAL AIRPORT IL US,19950909,-9999,69,48
GHCND:USW00094846,CHICAGO OHARE INTERNATIONAL AIRPORT IL US,19950910,-9999,64,46
GHCND:USW00094846,CHICAGO OHARE INTERNATIONAL AIRPORT IL US,19950911,-9999,73,45
GHCND:USW00094846,CHICAGO OHARE INTERNATIONAL AIRPORT IL US,19950912,-9999,77,53
GHCND:USW00094846,CHICAGO OHARE INTERNATIONAL AIRPORT IL US,19950913,-9999,83,63
GHCND:USW00094846,CHICAGO OHARE INTERNATIONAL AIRPORT IL US,19950914,-9999,79,53
GHCND:USW00094846,CHICAGO OHARE INTERNATIONAL AIRPORT IL US,19950915,-9999,77,54
GHCND:USW00094846,CHICAGO OHARE INTERNATIONAL AIRPORT IL US,19950916,-9999,85,61
GHCND:USW00094846,CHICAGO OHARE INTERNATIONAL AIRPORT IL US,19950917,-9999,66,44
GHCND:USW00094846,CHICAGO OHARE INTERNATIONAL AIRPORT IL US,19950918,-9999,69,44
GHCND:USW00094846,CHICAGO OHARE INTERNATIONAL AIRPORT IL US,19950919,-9999,71,56
GHCND:USW00094846,CHICAGO OHARE INTERNATIONAL AIRPORT IL US,19950920,-9999,60,50
GHCND:USW00094846,CHICAGO OHARE INTERNATIONAL AIRPORT IL US,19950921,-9999,50,41
GHCND:USW00094846,CHICAGO OHARE INTERNATIONAL AIRPORT IL US,19950922,-9999,52,32
GHCND:USW00094846,CHICAGO OHARE INTERNATIONAL AIRPORT IL US,19950923,-9999,58,29
GHCND:USW00094846,CHICAGO OHARE INTERNATIONAL AIRPORT IL US,19950924,-9999,62,37
GHCND:USW00094846,CHICAGO OHARE INTERNATIONAL AIRPORT IL US,19950925,-9999,69,43
GHCND:USW00094846,CHICAGO OHARE INTERNATIONAL AIRPORT IL US,19950926,-9999,76,45
GHCND:USW00094846,CHICAGO OHARE INTERNATIONAL AIRPORT IL US,19950927,-9999,81,53
GHCND:USW00094846,CHICAGO OHARE INTERNATIONAL AIRPORT IL US,19950928,-9999,81,53
GHCND:USW00094846,CHICAGO OHARE INTERNATIONAL AIRPORT IL US,19950929,-9999,80,58
GHCND:USW00094846,CHICAGO OHARE INTERNATIONAL AIRPORT IL US,19950930,-9999,84,65
GHCND:USW00094846,CHICAGO OHARE INTERNATIONAL AIRPORT IL US,19951001,-9999,75,56
GHCND:USW00094846,CHICAGO OHARE INTERNATIONAL AIRPORT IL US,19951002,-9999,78,50
GHCND:USW00094846,CHICAGO OHARE INTERNATIONAL AIRPORT IL US,19951003,-9999,71,51
GHCND:USW00094846,CHICAGO OHARE INTERNATIONAL AIRPORT IL US,19951004,-9999,69,47
GHCND:USW00094846,CHICAGO OHARE INTERNATIONAL AIRPORT IL US,19951005,-9999,60,56
GHCND:USW00094846,CHICAGO OHARE INTERNATIONAL AIRPORT IL US,19951006,-9999,61,53
GHCND:USW00094846,CHICAGO OHARE INTERNATIONAL AIRPORT IL US,19951007,-9999,53,46
GHCND:USW00094846,CHICAGO OHARE INTERNATIONAL AIRPORT IL US,19951008,-9999,63,42
GHCND:USW00094846,CHICAGO OHARE INTERNATIONAL AIRPORT IL US,19951009,-9999,73,49
GHCND:USW00094846,CHICAGO OHARE INTERNATIONAL AIRPORT IL US,19951010,-9999,71,43
GHCND:USW00094846,CHICAGO OHARE INTERNATIONAL AIRPORT IL US,19951011,-9999,79,46
GHCND:USW00094846,CHICAGO OHARE INTERNATIONAL AIRPORT IL US,19951012,-9999,83,55
GHCND:USW00094846,CHICAGO OHARE INTERNATIONAL AIRPORT IL US,19951013,-9999,83,52
GHCND:USW00094846,CHICAGO OHARE INTERNATIONAL AIRPORT IL US,19951014,-9999,52,43
GHCND:USW00094846,CHICAGO OHARE INTERNATIONAL AIRPORT IL US,19951015,-9999,56,36
GHCND:USW00094846,CHICAGO OHARE INTERNATIONAL AIRPORT IL US,19951016,-9999,60,36
GHCND:USW00094846,CHICAGO OHARE INTERNATIONAL AIRPORT IL US,19951017,-9999,74,45
GHCND:USW00094846,CHICAGO OHARE INTERNATIONAL AIRPORT IL US,19951018,-9999,63,53
GHCND:USW00094846,CHICAGO OHARE INTERNATIONAL AIRPORT IL US,19951019,-9999,79,49
GHCND:USW00094846,CHICAGO OHARE INTERNATIONAL AIRPORT IL US,19951020,-9999,49,40
GHCND:USW00094846,CHICAGO OHARE INTERNATIONAL AIRPORT IL US,19951021,-9999,43,36
GHCND:USW00094846,CHICAGO OHARE INTERNATIONAL AIRPORT IL US,19951022,-9999,60,35
GHCND:USW00094846,CHICAGO OHARE INTERNATIONAL AIRPORT IL US,19951023,-9999,71,48
GHCND:USW00094846,CHICAGO OHARE INTERNATIONAL AIRPORT IL US,19951024,-9999,49,34
GHCND:USW00094846,CHICAGO OHARE INTERNATIONAL AIRPORT IL US,19951025,-9999,60,33
GHCND:USW00094846,CHICAGO OHARE INTERNATIONAL AIRPORT IL US,19951026,-9999,62,39
GHCND:USW00094846,CHICAGO OHARE INTERNATIONAL AIRPORT IL US,19951027,-9999,58,49
GHCND:USW00094846,CHICAGO OHARE INTERNATIONAL AIRPORT IL US,19951028,-9999,51,40
GHCND:USW00094846,CHICAGO OHARE INTERNATIONAL AIRPORT IL US,19951029,-9999,53,34
GHCND:USW00094846,CHICAGO OHARE INTERNATIONAL AIRPORT IL US,19951030,-9999,45,40
GHCND:USW00094846,CHICAGO OHARE INTERNATIONAL AIRPORT IL US,19951031,-9999,50,40
GHCND:USW00094846,CHICAGO OHARE INTERNATIONAL AIRPORT IL US,19951101,-9999,62,49
GHCND:USW00094846,CHICAGO OHARE INTERNATIONAL AIRPORT IL US,19951102,-9999,60,29
GHCND:USW00094846,CHICAGO OHARE INTERNATIONAL AIRPORT IL US,19951103,-9999,33,27
GHCND:USW00094846,CHICAGO OHARE INTERNATIONAL AIRPORT IL US,19951104,-9999,33,20
GHCND:USW00094846,CHICAGO OHARE INTERNATIONAL AIRPORT IL US,19951105,-9999,37,20
GHCND:USW00094846,CHICAGO OHARE INTERNATIONAL AIRPORT IL US,19951106,-9999,50,31
GHCND:USW00094846,CHICAGO OHARE INTERNATIONAL AIRPORT IL US,19951107,-9999,47,30
GHCND:USW00094846,CHICAGO OHARE INTERNATIONAL AIRPORT IL US,19951108,-9999,32,18
GHCND:USW00094846,CHICAGO OHARE INTERNATIONAL AIRPORT IL US,19951109,-9999,48,17
GHCND:USW00094846,CHICAGO OHARE INTERNATIONAL AIRPORT IL US,19951110,-9999,55,36
GHCND:USW00094846,CHICAGO OHARE INTERNATIONAL AIRPORT IL US,19951111,-9999,36,17
GHCND:USW00094846,CHICAGO OHARE INTERNATIONAL AIRPORT IL US,19951112,-9999,28,14
GHCND:USW00094846,CHICAGO OHARE INTERNATIONAL AIRPORT IL US,19951113,-9999,31,18
GHCND:USW00094846,CHICAGO OHARE INTERNATIONAL AIRPORT IL US,19951114,-9999,37,18
GHCND:USW00094846,CHICAGO OHARE INTERNATIONAL AIRPORT IL US,19951115,-9999,34,20
GHCND:USW00094846,CHICAGO OHARE INTERNATIONAL AIRPORT IL US,19951116,-9999,37,27
GHCND:USW00094846,CHICAGO OHARE INTERNATIONAL AIRPORT IL US,19951117,-9999,38,32
GHCND:USW00094846,CHICAGO OHARE INTERNATIONAL AIRPORT IL US,19951118,-9999,39,34
GHCND:USW00094846,CHICAGO OHARE INTERNATIONAL AIRPORT IL US,19951119,-9999,48,29
GHCND:USW00094846,CHICAGO OHARE INTERNATIONAL AIRPORT IL US,19951120,-9999,53,35
GHCND:USW00094846,CHICAGO OHARE INTERNATIONAL AIRPORT IL US,19951121,-9999,35,22
GHCND:USW00094846,CHICAGO OHARE INTERNATIONAL AIRPORT IL US,19951122,-9999,36,19
GHCND:USW00094846,CHICAGO OHARE INTERNATIONAL AIRPORT IL US,19951123,-9999,33,20
GHCND:USW00094846,CHICAGO OHARE INTERNATIONAL AIRPORT IL US,19951124,-9999,34,13
GHCND:USW00094846,CHICAGO OHARE INTERNATIONAL AIRPORT IL US,19951125,-9999,49,32
GHCND:USW00094846,CHICAGO OHARE INTERNATIONAL AIRPORT IL US,19951126,-9999,50,35
GHCND:USW00094846,CHICAGO OHARE INTERNATIONAL AIRPORT IL US,19951127,-9999,42,26
GHCND:USW00094846,CHICAGO OHARE INTERNATIONAL AIRPORT IL US,19951128,-9999,29,13
GHCND:USW00094846,CHICAGO OHARE INTERNATIONAL AIRPORT IL US,19951129,-9999,33,11
GHCND:USW00094846,CHICAGO OHARE INTERNATIONAL AIRPORT IL US,19951130,-9999,48,25
GHCND:USW00094846,CHICAGO OHARE INTERNATIONAL AIRPORT IL US,19951201,-9999,48,25
GHCND:USW00094846,CHICAGO OHARE INTERNATIONAL AIRPORT IL US,19951202,-9999,57,25
GHCND:USW00094846,CHICAGO OHARE INTERNATIONAL AIRPORT IL US,19951203,-9999,57,35
GHCND:USW00094846,CHICAGO OHARE INTERNATIONAL AIRPORT IL US,19951204,-9999,43,29
GHCND:USW00094846,CHICAGO OHARE INTERNATIONAL AIRPORT IL US,19951205,-9999,45,26
GHCND:USW00094846,CHICAGO OHARE INTERNATIONAL AIRPORT IL US,19951206,-9999,33,23
GHCND:USW00094846,CHICAGO OHARE INTERNATIONAL AIRPORT IL US,19951207,-9999,31,18
GHCND:USW00094846,CHICAGO OHARE INTERNATIONAL AIRPORT IL US,19951208,-9999,30,4
GHCND:USW00094846,CHICAGO OHARE INTERNATIONAL AIRPORT IL US,19951209,-9999,5,-4
GHCND:USW00094846,CHICAGO OHARE INTERNATIONAL AIRPORT IL US,19951210,-9999,14,0
GHCND:USW00094846,CHICAGO OHARE INTERNATIONAL AIRPORT IL US,19951211,-9999,8,1
GHCND:USW00094846,CHICAGO OHARE INTERNATIONAL AIRPORT IL US,19951212,-9999,24,7
GHCND:USW00094846,CHICAGO OHARE INTERNATIONAL AIRPORT IL US,19951213,-9999,36,22
GHCND:USW00094846,CHICAGO OHARE INTERNATIONAL AIRPORT IL US,19951214,-9999,45,31
GHCND:USW00094846,CHICAGO OHARE INTERNATIONAL AIRPORT IL US,19951215,-9999,42,25
GHCND:USW00094846,CHICAGO OHARE INTERNATIONAL AIRPORT IL US,19951216,-9999,36,18
GHCND:USW00094846,CHICAGO OHARE INTERNATIONAL AIRPORT IL US,19951217,-9999,38,20
GHCND:USW00094846,CHICAGO OHARE INTERNATIONAL AIRPORT IL US,19951218,-9999,37,33
GHCND:USW00094846,CHICAGO OHARE INTERNATIONAL AIRPORT IL US,19951219,-9999,34,26
GHCND:USW00094846,CHICAGO OHARE INTERNATIONAL AIRPORT IL US,19951220,-9999,31,22
GHCND:USW00094846,CHICAGO OHARE INTERNATIONAL AIRPORT IL US,19951221,-9999,31,17
GHCND:USW00094846,CHICAGO OHARE INTERNATIONAL AIRPORT IL US,19951222,-9999,29,15
GHCND:USW00094846,CHICAGO OHARE INTERNATIONAL AIRPORT IL US,19951223,-9999,30,23
GHCND:USW00094846,CHICAGO OHARE INTERNATIONAL AIRPORT IL US,19951224,-9999,28,22
GHCND:USW00094846,CHICAGO OHARE INTERNATIONAL AIRPORT IL US,19951225,-9999,31,14
GHCND:USW00094846,CHICAGO OHARE INTERNATIONAL AIRPORT IL US,19951226,-9999,28,14
GHCND:USW00094846,CHICAGO OHARE INTERNATIONAL AIRPORT IL US,19951227,-9999,30,16
GHCND:USW00094846,CHICAGO OHARE INTERNATIONAL AIRPORT IL US,19951228,-9999,33,12
GHCND:USW00094846,CHICAGO OHARE INTERNATIONAL AIRPORT IL US,19951229,-9999,36,15
GHCND:USW00094846,CHICAGO OHARE INTERNATIONAL AIRPORT IL US,19951230,-9999,35,24
GHCND:USW00094846,CHICAGO OHARE INTERNATIONAL AIRPORT IL US,19951231,-9999,36,32